{
    "name": "root",
    "gauges": {
        "MoveToGoal.Policy.Entropy.mean": {
            "value": 1.443341851234436,
            "min": 1.4230706691741943,
            "max": 1.4469414949417114,
            "count": 10
        },
        "MoveToGoal.Policy.Entropy.sum": {
            "value": 72051.625,
            "min": 71676.5859375,
            "max": 72376.015625,
            "count": 10
        },
        "MoveToGoal.Environment.EpisodeLength.mean": {
            "value": 34.31805359661495,
            "min": 33.5554794520548,
            "max": 151.2336448598131,
            "count": 10
        },
        "MoveToGoal.Environment.EpisodeLength.sum": {
            "value": 48663.0,
            "min": 48291.0,
            "max": 50026.0,
            "count": 10
        },
        "MoveToGoal.Step.mean": {
            "value": 499977.0,
            "min": 49955.0,
            "max": 499977.0,
            "count": 10
        },
        "MoveToGoal.Step.sum": {
            "value": 499977.0,
            "min": 49955.0,
            "max": 499977.0,
            "count": 10
        },
        "MoveToGoal.Policy.ExtrinsicValueEstimate.mean": {
            "value": 0.6985536217689514,
            "min": 0.5023724436759949,
            "max": 0.8399032950401306,
            "count": 10
        },
        "MoveToGoal.Policy.ExtrinsicValueEstimate.sum": {
            "value": 1281.1473388671875,
            "min": 576.9951782226562,
            "max": 1328.099609375,
            "count": 10
        },
        "MoveToGoal.Environment.CumulativeReward.mean": {
            "value": 0.9067796610169492,
            "min": 0.06230529595015576,
            "max": 0.9181073703366697,
            "count": 10
        },
        "MoveToGoal.Environment.CumulativeReward.sum": {
            "value": 1284.0,
            "min": 20.0,
            "max": 1327.0,
            "count": 10
        },
        "MoveToGoal.Policy.ExtrinsicReward.mean": {
            "value": 0.9067796610169492,
            "min": 0.06230529595015576,
            "max": 0.9181073703366697,
            "count": 10
        },
        "MoveToGoal.Policy.ExtrinsicReward.sum": {
            "value": 1284.0,
            "min": 20.0,
            "max": 1327.0,
            "count": 10
        },
        "MoveToGoal.Losses.PolicyLoss.mean": {
            "value": 0.023346577219975493,
            "min": 0.02145580730168149,
            "max": 0.024874719228440274,
            "count": 10
        },
        "MoveToGoal.Losses.PolicyLoss.sum": {
            "value": 0.11673288609987746,
            "min": 0.09049239001857738,
            "max": 0.12374404636211694,
            "count": 10
        },
        "MoveToGoal.Losses.ValueLoss.mean": {
            "value": 0.015107245656351248,
            "min": 0.01175382714408139,
            "max": 0.05202341422749063,
            "count": 10
        },
        "MoveToGoal.Losses.ValueLoss.sum": {
            "value": 0.07553622828175624,
            "min": 0.056136568821966645,
            "max": 0.2080936569099625,
            "count": 10
        },
        "MoveToGoal.Policy.LearningRate.mean": {
            "value": 1.660365446548e-05,
            "min": 1.660365446548e-05,
            "max": 0.00028459035513655003,
            "count": 10
        },
        "MoveToGoal.Policy.LearningRate.sum": {
            "value": 8.30182723274e-05,
            "min": 8.30182723274e-05,
            "max": 0.0012841182719606,
            "count": 10
        },
        "MoveToGoal.Policy.Epsilon.mean": {
            "value": 0.10553452,
            "min": 0.10553452,
            "max": 0.19486345000000008,
            "count": 10
        },
        "MoveToGoal.Policy.Epsilon.sum": {
            "value": 0.5276726,
            "min": 0.5002274,
            "max": 0.9280394000000001,
            "count": 10
        },
        "MoveToGoal.Policy.Beta.mean": {
            "value": 0.00028617254800000004,
            "min": 0.00028617254800000004,
            "max": 0.004743686155,
            "count": 10
        },
        "MoveToGoal.Policy.Beta.sum": {
            "value": 0.0014308627400000003,
            "min": 0.0014308627400000003,
            "max": 0.02140916606,
            "count": 10
        },
        "MoveToGoal.IsTraining.mean": {
            "value": 1.0,
            "min": 1.0,
            "max": 1.0,
            "count": 10
        },
        "MoveToGoal.IsTraining.sum": {
            "value": 1.0,
            "min": 1.0,
            "max": 1.0,
            "count": 10
        }
    },
    "metadata": {
        "timer_format_version": "0.1.0",
        "start_time_seconds": "1630948232",
        "python_version": "3.9.5 (tags/v3.9.5:0a7dcbd, May  3 2021, 17:27:52) [MSC v.1928 64 bit (AMD64)]",
        "command_line_arguments": "D:\\Code\\GitAndGithub\\Reinforcement-learning-interactive-explanation\\pythonvirtenvironment\\Scripts\\mlagents-learn --run-id=randomPosition3",
        "mlagents_version": "0.27.0",
        "mlagents_envs_version": "0.27.0",
        "communication_protocol_version": "1.5.0",
        "pytorch_version": "1.7.1+cu110",
        "numpy_version": "1.21.2",
        "end_time_seconds": "1630948459"
    },
    "total": 227.27256770000002,
    "count": 1,
    "self": 0.004933400000055599,
    "children": {
        "run_training.setup": {
            "total": 0.07350830000000008,
            "count": 1,
            "self": 0.07350830000000008
        },
        "TrainerController.start_learning": {
            "total": 227.19412599999998,
            "count": 1,
            "self": 0.5563810999983616,
            "children": {
                "TrainerController._reset_env": {
                    "total": 9.0982027,
                    "count": 1,
                    "self": 9.0982027
                },
                "TrainerController.advance": {
                    "total": 217.5098154000016,
                    "count": 32921,
                    "self": 0.5409601000034172,
                    "children": {
                        "env_step": {
                            "total": 133.07162009999908,
                            "count": 32921,
                            "self": 117.18467529999731,
                            "children": {
                                "SubprocessEnvManager._take_step": {
                                    "total": 15.566366000000786,
                                    "count": 32921,
                                    "self": 1.3610973999985312,
                                    "children": {
                                        "TorchPolicy.evaluate": {
                                            "total": 14.205268600002254,
                                            "count": 25019,
                                            "self": 2.7861796000014234,
                                            "children": {
                                                "TorchPolicy.sample_actions": {
                                                    "total": 11.419089000000831,
                                                    "count": 25019,
                                                    "self": 11.419089000000831
                                                }
                                            }
                                        }
                                    }
                                },
                                "workers": {
                                    "total": 0.3205788000009857,
                                    "count": 32921,
                                    "self": 0.0,
                                    "children": {
                                        "worker_root": {
                                            "total": 217.28730710000104,
                                            "count": 32921,
                                            "is_parallel": true,