{
    "name": "root",
    "gauges": {
        "SeekFood.Policy.Entropy.mean": {
            "value": 0.650087296962738,
            "min": 0.650087296962738,
            "max": 1.3358944654464722,
            "count": 10
        },
        "SeekFood.Policy.Entropy.sum": {
            "value": 32490.712890625,
            "min": 32490.712890625,
            "max": 66873.5390625,
            "count": 10
        },
        "SeekFood.Environment.EpisodeLength.mean": {
            "value": 5.166954590325765,
            "min": 2.814215985356925,
            "max": 5.166954590325765,
            "count": 10
        },
        "SeekFood.Environment.EpisodeLength.sum": {
            "value": 41873.0,
            "min": 36900.0,
            "max": 41873.0,
            "count": 10
        },
        "SeekFood.Step.mean": {
            "value": 499994.0,
            "min": 49998.0,
            "max": 499994.0,
            "count": 10
        },
        "SeekFood.Step.sum": {
            "value": 499994.0,
            "min": 49998.0,
            "max": 499994.0,
            "count": 10
        },
        "SeekFood.Policy.ExtrinsicValueEstimate.mean": {
            "value": -1.6491156816482544,
            "min": -1.7533149719238281,
            "max": -1.3210190534591675,
            "count": 10
        },
        "SeekFood.Policy.ExtrinsicValueEstimate.sum": {
            "value": -13369.380859375,
            "min": -17578.736328125,
            "max": -13369.380859375,
            "count": 10
        },
        "SeekFood.Environment.CumulativeReward.mean": {
            "value": -1.6725052423831257,
            "min": -1.8553555080866646,
            "max": -1.6725052423831257,
            "count": 10
        },
        "SeekFood.Environment.CumulativeReward.sum": {
            "value": -13559.0,
            "min": -24320.0,
            "max": -13559.0,
            "count": 10
        },
        "SeekFood.Policy.ExtrinsicReward.mean": {
            "value": -1.6725052423831257,
            "min": -1.8553555080866646,
            "max": -1.6725052423831257,
            "count": 10
        },
        "SeekFood.Policy.ExtrinsicReward.sum": {
            "value": -13559.0,
            "min": -24320.0,
            "max": -13559.0,
            "count": 10
        },
        "SeekFood.Losses.PolicyLoss.mean": {
            "value": 0.025873770114655296,
            "min": 0.021361007637654743,
            "max": 0.026613450469449164,
            "count": 10
        },
        "SeekFood.Losses.PolicyLoss.sum": {
            "value": 0.1293688505732765,
            "min": 0.09465141514471422,
            "max": 0.1293688505732765,
            "count": 10
        },
        "SeekFood.Losses.ValueLoss.mean": {
            "value": 0.21181669563055036,
            "min": 0.1674257016181946,
            "max": 0.3412969461952646,
            "count": 10
        },
        "SeekFood.Losses.ValueLoss.sum": {
            "value": 1.0590834781527518,
            "min": 0.8227114533384641,
            "max": 1.3651877847810585,
            "count": 10
        },
        "SeekFood.Policy.LearningRate.mean": {
            "value": 1.6936054354679996e-05,
            "min": 1.6936054354679996e-05,
            "max": 0.0002846110551296499,
            "count": 10
        },
        "SeekFood.Policy.LearningRate.sum": {
            "value": 8.468027177339998e-05,
            "min": 8.468027177339998e-05,
            "max": 0.0012846588717803998,
            "count": 10
        },
        "SeekFood.Policy.Epsilon.mean": {
            "value": 0.10564532000000001,
            "min": 0.10564532000000001,
            "max": 0.19487035,
            "count": 10
        },
        "SeekFood.Policy.Epsilon.sum": {
            "value": 0.5282266000000001,
            "min": 0.5004970000000002,
            "max": 0.9282195999999998,
            "count": 10
        },
        "SeekFood.Policy.Beta.mean": {
            "value": 0.00029170146800000014,
            "min": 0.00029170146800000014,
            "max": 0.004744030465,
            "count": 10
        },
        "SeekFood.Policy.Beta.sum": {
            "value": 0.0014585073400000008,
            "min": 0.0014585073400000008,
            "max": 0.021418158040000003,
            "count": 10
        },
        "SeekFood.IsTraining.mean": {
            "value": 1.0,
            "min": 1.0,
            "max": 1.0,
            "count": 10
        },
        "SeekFood.IsTraining.sum": {
            "value": 1.0,
            "min": 1.0,
            "max": 1.0,
            "count": 10
        }
    },
    "metadata": {
        "timer_format_version": "0.1.0",
        "start_time_seconds": "1634584713",
        "python_version": "3.9.5 (tags/v3.9.5:0a7dcbd, May  3 2021, 17:27:52) [MSC v.1928 64 bit (AMD64)]",
        "command_line_arguments": "D:\\Code\\GitAndGithub\\Reinforcement-learning-interactive-explanation\\pythonvirtenvironment\\Scripts\\mlagents-learn --run-id=snakeTilebasedWithWallTrainingNoDiscounting --force",
        "mlagents_version": "0.27.0",
        "mlagents_envs_version": "0.27.0",
        "communication_protocol_version": "1.5.0",
        "pytorch_version": "1.7.1+cu110",
        "numpy_version": "1.21.2",
        "end_time_seconds": "1634585695"
    },
    "total": 981.7041619,
    "count": 1,
    "self": 0.004988100000105078,
    "children": {
        "run_training.setup": {
            "total": 0.08645840000000005,
            "count": 1,
            "self": 0.08645840000000005
        },
        "TrainerController.start_learning": {
            "total": 981.6127154,
            "count": 1,
            "self": 0.4687175000009347,
            "children": {
                "TrainerController._reset_env": {
                    "total": 8.5302982,
                    "count": 1,
                    "self": 8.5302982
                },
                "TrainerController.advance": {
                    "total": 972.260737199999,
                    "count": 24699,
                    "self": 0.41188689999046346,
                    "children": {
                        "env_step": {
                            "total": 769.9415340000015,
                            "count": 24699,
                            "self": 727.6841817999892,
                            "children": {
                                "SubprocessEnvManager._take_step": {
                                    "total": 42.01888270000392,
                                    "count": 24699,
                                    "self": 1.1364140000094167,
                                    "children": {
                                        "TorchPolicy.evaluate": {
                                            "total": 40.882468699994504,
                                            "count": 24699,
                                            "self": 15.731394900004844,
                                            "children": {
                                                "TorchPolicy.sample_actions": {
                                                    "total": 25.15107379998966,
                                                    "count": 24699,
                                                    "self": 25.15107379998966
                                                }
                                            }
                                        }
                                    }
                                },
                                "workers": {
                                    "total": 0.23846950000840295,
                                    "count": 24699,
                                    "self": 0.0,
                                    "children": {
                                        "worker_root": {
                                            "total": 973.0379736999948,
                                            "count": 24699,
                                            "is_parallel": true,