{
    "name": "root",
    "gauges": {
        "MoveToGoal.Policy.Entropy.mean": {
            "value": 1.4638352394104004,
            "min": 1.3803380727767944,
            "max": 1.4717141389846802,
            "count": 50
        },
        "MoveToGoal.Policy.Entropy.sum": {
            "value": 14814.0126953125,
            "min": 13624.125,
            "max": 15057.5322265625,
            "count": 50
        },
        "MoveToGoal.Environment.EpisodeLength.mean": {
            "value": 13.847988077496273,
            "min": 13.406340057636887,
            "max": 102.94318181818181,
            "count": 50
        },
        "MoveToGoal.Environment.EpisodeLength.sum": {
            "value": 9292.0,
            "min": 8822.0,
            "max": 10408.0,
            "count": 50
        },
        "MoveToGoal.Step.mean": {
            "value": 499988.0,
            "min": 9979.0,
            "max": 499988.0,
            "count": 50
        },
        "MoveToGoal.Step.sum": {
            "value": 499988.0,
            "min": 9979.0,
            "max": 499988.0,
            "count": 50
        },
        "MoveToGoal.Policy.ExtrinsicValueEstimate.mean": {
            "value": 0.922034502029419,
            "min": 0.28382939100265503,
            "max": 0.9243617653846741,
            "count": 50
        },
        "MoveToGoal.Policy.ExtrinsicValueEstimate.sum": {
            "value": 624.2173461914062,
            "min": 61.023319244384766,
            "max": 647.05322265625,
            "count": 50
        },
        "MoveToGoal.Environment.CumulativeReward.mean": {
            "value": 1.0,
            "min": 0.17045454545454544,
            "max": 1.0,
            "count": 50
        },
        "MoveToGoal.Environment.CumulativeReward.sum": {
            "value": 670.0,
            "min": 15.0,
            "max": 693.0,
            "count": 50
        },
        "MoveToGoal.Policy.ExtrinsicReward.mean": {
            "value": 1.0,
            "min": 0.17045454545454544,
            "max": 1.0,
            "count": 50
        },
        "MoveToGoal.Policy.ExtrinsicReward.sum": {
            "value": 670.0,
            "min": 15.0,
            "max": 693.0,
            "count": 50
        },
        "MoveToGoal.Losses.PolicyLoss.mean": {
            "value": 0.23897470238216992,
            "min": 0.2355972827319771,
            "max": 0.2527922906170477,
            "count": 50
        },
        "MoveToGoal.Losses.PolicyLoss.sum": {
            "value": 20.790799107248784,
            "min": 14.201263480103872,
            "max": 22.066440938623707,
            "count": 50
        },
        "MoveToGoal.Losses.ValueLoss.mean": {
            "value": 0.004110128323448177,
            "min": 0.003762742265886068,
            "max": 0.04387453672282463,
            "count": 50
        },
        "MoveToGoal.Losses.ValueLoss.sum": {
            "value": 0.3575811641399914,
            "min": 0.33488406166386003,
            "max": 3.4222138643803213,
            "count": 50
        },
        "MoveToGoal.Policy.LearningRate.mean": {
            "value": 3.0444162266068955e-06,
            "min": 3.0444162266068955e-06,
            "max": 0.00029661460112846667,
            "count": 50
        },
        "MoveToGoal.Policy.LearningRate.sum": {
            "value": 0.0002648642117147999,
            "min": 0.0002648642117147999,
            "max": 0.023087715404095,
            "count": 50
        },
        "MoveToGoal.Policy.Epsilon.mean": {
            "value": 0.10101477241379307,
            "min": 0.10101477241379307,
            "max": 0.19887153333333335,
            "count": 50
        },
        "MoveToGoal.Policy.Epsilon.sum": {
            "value": 8.788285199999997,
            "min": 8.788285199999997,
            "max": 15.795905000000001,
            "count": 50
        },
        "MoveToGoal.Policy.Beta.mean": {
            "value": 1.4972384827586201e-05,
            "min": 1.4972384827586201e-05,
            "max": 0.0004944705133333334,
            "count": 50
        },
        "MoveToGoal.Policy.Beta.sum": {
            "value": 0.0013025974799999996,
            "min": 0.0013025974799999996,
            "max": 0.0385199345,
            "count": 50
        },
        "MoveToGoal.IsTraining.mean": {
            "value": 1.0,
            "min": 1.0,
            "max": 1.0,
            "count": 50
        },
        "MoveToGoal.IsTraining.sum": {
            "value": 1.0,
            "min": 1.0,
            "max": 1.0,
            "count": 50
        }
    },
    "metadata": {
        "timer_format_version": "0.1.0",
        "start_time_seconds": "1631128203",
        "python_version": "3.9.5 (tags/v3.9.5:0a7dcbd, May  3 2021, 17:27:52) [MSC v.1928 64 bit (AMD64)]",
        "command_line_arguments": "D:\\Code\\GitAndGithub\\Reinforcement-learning-interactive-explanation\\pythonvirtenvironment\\Scripts\\mlagents-learn config/500kSteps_config.yaml --run-id=500kSteps --f",
        "mlagents_version": "0.27.0",
        "mlagents_envs_version": "0.27.0",
        "communication_protocol_version": "1.5.0",
        "pytorch_version": "1.7.1+cu110",
        "numpy_version": "1.21.2",
        "end_time_seconds": "1631128896"
    },
    "total": 693.6264656999999,
    "count": 1,
    "self": 0.0057623999999805164,
    "children": {
        "run_training.setup": {
            "total": 0.08031759999999999,
            "count": 1,
            "self": 0.08031759999999999
        },
        "TrainerController.start_learning": {
            "total": 693.5403857,
            "count": 1,
            "self": 0.7009437000008347,
            "children": {
                "TrainerController._reset_env": {
                    "total": 7.885112199999999,
                    "count": 1,
                    "self": 7.885112199999999
                },
                "TrainerController.advance": {
                    "total": 684.9163532999992,
                    "count": 41154,
                    "self": 0.6171423000000686,
                    "children": {
                        "env_step": {
                            "total": 149.62338689999496,
                            "count": 41154,
                            "self": 132.92003300000545,
                            "children": {
                                "SubprocessEnvManager._take_step": {
                                    "total": 16.329324799994513,
                                    "count": 41154,
                                    "self": 1.3544985999929633,
                                    "children": {
                                        "TorchPolicy.evaluate": {
                                            "total": 14.97482620000155,
                                            "count": 25016,
                                            "self": 2.839859700001492,
                                            "children": {
                                                "TorchPolicy.sample_actions": {
                                                    "total": 12.134966500000058,
                                                    "count": 25016,
                                                    "self": 12.134966500000058
                                                }
                                            }
                                        }
                                    }
                                },
                                "workers": {
                                    "total": 0.3740290999949867,
                                    "count": 41154,
                                    "self": 0.0,
                                    "children": {
                                        "worker_root": {
                                            "total": 684.3461109000051,
                                            "count": 41154,
                                            "is_parallel": true,