{
    "name": "root",
    "gauges": {
        "MoveToGoal.Policy.Entropy.mean": {
            "value": 1.4220651388168335,
            "min": 1.4220651388168335,
            "max": 1.4220651388168335,
            "count": 1
        },
        "MoveToGoal.Policy.Entropy.sum": {
            "value": 72041.8203125,
            "min": 72041.8203125,
            "max": 72041.8203125,
            "count": 1
        },
        "MoveToGoal.Environment.EpisodeLength.mean": {
            "value": 129.38297872340425,
            "min": 129.38297872340425,
            "max": 129.38297872340425,
            "count": 1
        },
        "MoveToGoal.Environment.EpisodeLength.sum": {
            "value": 48648.0,
            "min": 48648.0,
            "max": 48648.0,
            "count": 1
        },
        "MoveToGoal.Step.mean": {
            "value": 49984.0,
            "min": 49984.0,
            "max": 49984.0,
            "count": 1
        },
        "MoveToGoal.Step.sum": {
            "value": 49984.0,
            "min": 49984.0,
            "max": 49984.0,
            "count": 1
        },
        "MoveToGoal.Policy.ExtrinsicValueEstimate.mean": {
            "value": 0.1611587405204773,
            "min": 0.1611587405204773,
            "max": 0.1611587405204773,
            "count": 1
        },
        "MoveToGoal.Policy.ExtrinsicValueEstimate.sum": {
            "value": 167.60508728027344,
            "min": 167.60508728027344,
            "max": 167.60508728027344,
            "count": 1
        },
        "MoveToGoal.Environment.CumulativeReward.mean": {
            "value": 0.16489361702127658,
            "min": 0.16489361702127658,
            "max": 0.16489361702127658,
            "count": 1
        },
        "MoveToGoal.Environment.CumulativeReward.sum": {
            "value": 62.0,
            "min": 62.0,
            "max": 62.0,
            "count": 1
        },
        "MoveToGoal.Policy.ExtrinsicReward.mean": {
            "value": 0.16489361702127658,
            "min": 0.16489361702127658,
            "max": 0.16489361702127658,
            "count": 1
        },
        "MoveToGoal.Policy.ExtrinsicReward.sum": {
            "value": 62.0,
            "min": 62.0,
            "max": 62.0,
            "count": 1
        },
        "MoveToGoal.Losses.PolicyLoss.mean": {
            "value": 0.024143740769553307,
            "min": 0.024143740769553307,
            "max": 0.024143740769553307,
            "count": 1
        },
        "MoveToGoal.Losses.PolicyLoss.sum": {
            "value": 0.09657496307821323,
            "min": 0.09657496307821323,
            "max": 0.09657496307821323,
            "count": 1
        },
        "MoveToGoal.Losses.ValueLoss.mean": {
            "value": 0.04998838917041819,
            "min": 0.04998838917041819,
            "max": 0.04998838917041819,
            "count": 1
        },
        "MoveToGoal.Losses.ValueLoss.sum": {
            "value": 0.19995355668167275,
            "min": 0.19995355668167275,
            "max": 0.19995355668167275,
            "count": 1
        },
        "MoveToGoal.Policy.LearningRate.mean": {
            "value": 0.00028457415514194996,
            "min": 0.00028457415514194996,
            "max": 0.00028457415514194996,
            "count": 1
        },
        "MoveToGoal.Policy.LearningRate.sum": {
            "value": 0.0011382966205677999,
            "min": 0.0011382966205677999,
            "max": 0.0011382966205677999,
            "count": 1
        },
        "MoveToGoal.Policy.Epsilon.mean": {
            "value": 0.19485805000000003,
            "min": 0.19485805000000003,
            "max": 0.19485805000000003,
            "count": 1
        },
        "MoveToGoal.Policy.Epsilon.sum": {
            "value": 0.7794322000000001,
            "min": 0.7794322000000001,
            "max": 0.7794322000000001,
            "count": 1
        },
        "MoveToGoal.Policy.Beta.mean": {
            "value": 0.004743416695,
            "min": 0.004743416695,
            "max": 0.004743416695,
            "count": 1
        },
        "MoveToGoal.Policy.Beta.sum": {
            "value": 0.01897366678,
            "min": 0.01897366678,
            "max": 0.01897366678,
            "count": 1
        },
        "MoveToGoal.IsTraining.mean": {
            "value": 1.0,
            "min": 1.0,
            "max": 1.0,
            "count": 1
        },
        "MoveToGoal.IsTraining.sum": {
            "value": 1.0,
            "min": 1.0,
            "max": 1.0,
            "count": 1
        }
    },
    "metadata": {
        "timer_format_version": "0.1.0",
        "start_time_seconds": "1630947418",
        "python_version": "3.9.5 (tags/v3.9.5:0a7dcbd, May  3 2021, 17:27:52) [MSC v.1928 64 bit (AMD64)]",
        "command_line_arguments": "D:\\Code\\GitAndGithub\\Reinforcement-learning-interactive-explanation\\pythonvirtenvironment\\Scripts\\mlagents-learn --run-id=randomPosition2 --force",
        "mlagents_version": "0.27.0",
        "mlagents_envs_version": "0.27.0",
        "communication_protocol_version": "1.5.0",
        "pytorch_version": "1.7.1+cu110",
        "numpy_version": "1.21.2",
        "end_time_seconds": "1630947538"
    },
    "total": 120.0525274,
    "count": 1,
    "self": 0.005324100000009935,
    "children": {
        "run_training.setup": {
            "total": 0.07489299999999999,
            "count": 1,
            "self": 0.07489299999999999
        },
        "TrainerController.start_learning": {
            "total": 119.97231029999999,
            "count": 1,
            "self": 0.09244189999996877,
            "children": {
                "TrainerController._reset_env": {
                    "total": 4.5148797,
                    "count": 1,
                    "self": 4.5148797
                },
                "TrainerController.advance": {
                    "total": 115.22580730000001,
                    "count": 5013,
                    "self": 0.08889680000004319,
                    "children": {
                        "env_step": {
                            "total": 101.39299900000005,
                            "count": 5013,
                            "self": 98.43938390000032,
                            "children": {
                                "SubprocessEnvManager._take_step": {
                                    "total": 2.90136499999981,
                                    "count": 5013,
                                    "self": 0.2416690999997808,
                                    "children": {
                                        "TorchPolicy.evaluate": {
                                            "total": 2.6596959000000293,
                                            "count": 4457,
                                            "self": 0.5258756000000417,
                                            "children": {
                                                "TorchPolicy.sample_actions": {
                                                    "total": 2.1338202999999876,
                                                    "count": 4457,
                                                    "self": 2.1338202999999876
                                                }
                                            }
                                        }
                                    }
                                },
                                "workers": {
                                    "total": 0.05225009999990693,
                                    "count": 5012,
                                    "self": 0.0,
                                    "children": {
                                        "worker_root": {
                                            "total": 55.201312100000216,
                                            "count": 5012,
                                            "is_parallel": true,