{
    "name": "root",
    "metadata": {
        "timer_format_version": "0.1.0",
        "start_time_seconds": "1630945319",
        "python_version": "3.9.5 (tags/v3.9.5:0a7dcbd, May  3 2021, 17:27:52) [MSC v.1928 64 bit (AMD64)]",
        "command_line_arguments": "D:\\Code\\GitAndGithub\\Reinforcement-learning-interactive-explanation\\pythonvirtenvironment\\Scripts\\mlagents-learn --run-id=testcloserTogether",
        "mlagents_version": "0.27.0",
        "mlagents_envs_version": "0.27.0",
        "communication_protocol_version": "1.5.0",
        "pytorch_version": "1.7.1+cu110",
        "numpy_version": "1.21.2",
        "end_time_seconds": "1630945354"
    },
    "total": 34.6525611,
    "count": 1,
    "self": 0.004245400000002064,
    "children": {
        "run_training.setup": {
            "total": 0.0738451,
            "count": 1,
            "self": 0.0738451
        },
        "TrainerController.start_learning": {
            "total": 34.5744706,
            "count": 1,
            "self": 0.0780079999999046,
            "children": {
                "TrainerController._reset_env": {
                    "total": 8.558699399999998,
                    "count": 1,
                    "self": 8.558699399999998
                },
                "TrainerController.advance": {
                    "total": 25.872139100000094,
                    "count": 4357,
                    "self": 0.06956510000012273,
                    "children": {
                        "env_step": {
                            "total": 16.94542610000001,
                            "count": 4357,
                            "self": 15.528706499999911,
                            "children": {
                                "SubprocessEnvManager._take_step": {
                                    "total": 1.375931900000115,
                                    "count": 4357,
                                    "self": 0.12377520000013575,
                                    "children": {
                                        "TorchPolicy.evaluate": {
                                            "total": 1.2521566999999791,
                                            "count": 2221,
                                            "self": 0.24290079999992287,
                                            "children": {
                                                "TorchPolicy.sample_actions": {
                                                    "total": 1.0092559000000563,
                                                    "count": 2221,
                                                    "self": 1.0092559000000563
                                                }
                                            }
                                        }
                                    }
                                },
                                "workers": {
                                    "total": 0.04078769999998322,
                                    "count": 4356,
                                    "self": 0.0,
                                    "children": {
                                        "worker_root": {
                                            "total": 25.841896399999985,
                                            "count": 4356,
                                            "is_parallel": true,
                                            "self": 13.84112240000018,
                                            "children": {
                                                "steps_from_proto": {
                                                    "total": 0.0003538000000009589,
                                                    "count": 1,
                                                    "is_parallel": true,
                                                    "self": 0.00011410000000111609,
                                                    "children": {
                                                        "_process_rank_one_or_two_observation": {
                                                            "total": 0.00023969999999984282,
                                                            "count": 2,
                                                            "is_parallel": true,
                                                            "self": 0.00023969999999984282
                                                        }
                                                    }
                                                },
                                                "UnityEnvironment.step": {
                                                    "total": 12.000420199999805,
                                                    "count": 4356,
                                                    "is_parallel": true,
                                                    "self": 0.359123199999944,
                                                    "children": {
                                                        "UnityEnvironment._generate_step_input": {
                                                            "total": 0.4877154999999984,
                                                            "count": 4356,
                                                            "is_parallel": true,
                                                            "self": 0.4877154999999984
                                                        },
                                                        "communicator.exchange": {
                                                            "total": 10.295022399999988,
                                                            "count": 4356,
                                                            "is_parallel": true,
                                                            "self": 10.295022399999988
                                                        },
                                                        "steps_from_proto": {
                                                            "total": 0.8585590999998747,
                                                            "count": 4356,
                                                            "is_parallel": true,
                                                            "self": 0.38418629999981135,
                                                            "children": {
                                                                "_process_rank_one_or_two_observation": {
                                                                    "total": 0.4743728000000633,
                                                                    "count": 8712,
                                                                    "is_parallel": true,
                                                                    "self": 0.4743728000000633
                                                                }
                                                            }
                                                        }
                                                    }
                                                }
                                            }
                                        }
                                    }
                                }
                            }
                        },
                        "trainer_advance": {
                            "total": 8.857147899999962,
                            "count": 4356,
                            "self": 0.08272329999998185,
                            "children": {
                                "process_trajectory": {
                                    "total": 3.8995993999999836,
                                    "count": 4356,
                                    "self": 3.8995993999999836
                                },