{"count":1,"self":502.5938432,"total":765.7637725,"children":{"InitializeActuators":{"count":16,"self":0.00099899999999999989,"total":0.00099899999999999989,"children":null},"InitializeSensors":{"count":16,"self":0.0019958,"total":0.0019958,"children":null},"AgentSendState":{"count":586984,"self":3.255458,"total":12.818783199999999,"children":{"CollectObservations":{"count":173768,"self":2.001137,"total":2.001137,"children":null},"WriteActionMask":{"count":173768,"self":0.38491899999999996,"total":0.38491899999999996,"children":null},"RequestDecision":{"count":173768,"self":1.0213894,"total":7.1772692,"children":{"AgentInfo.ToProto":{"count":173768,"self":1.0920642,"total":6.1558798,"children":{"GenerateSensorData":{"count":173768,"self":5.0638156,"total":5.0638156,"children":null}}}}}}},"DecideAction":{"count":586984,"self":247.9927808,"total":247.9927684,"children":null},"AgentAct":{"count":586984,"self":1.5143738999999998,"total":1.5143738999999998,"children":null},"AgentInfo.ToProto":{"count":14056,"self":0.1899098,"total":0.8380226,"children":{"GenerateSensorData":{"count":14056,"self":0.64811279999999993,"total":0.64811279999999993,"children":null}}}},"gauges":{"SeekFood.CumulativeReward":{"count":14056,"max":-4,"min":-10,"runningAverage":-9.873912,"value":-10,"weightedAverage":-9.924514}},"metadata":{"timer_format_version":"0.1.0","start_time_seconds":"1634038458","unity_version":"2020.3.11f1","command_line_arguments":"D:\\Code\\Unity\\2020.3.11f1\\Editor\\Unity.exe -projectpath D:\/Code\/Github\/Reinforcement-learning-interactive-explanation -useHub -hubIPC -cloudEnvironment production -hubSessionId fc5e8870-2b29-11ec-8485-073b4a041511","communication_protocol_version":"1.5.0","com.unity.ml-agents_version":"2.1.0-exp.1","scene_name":"SnakeTiles","end_time_seconds":"1634039224"}}