{"count":1,"self":1685.8251263999998,"total":2199.7175979999997,"children":{"InitializeActuators":{"count":16,"self":0.0009989,"total":0.0009989,"children":null},"InitializeSensors":{"count":16,"self":0.0029874999999999997,"total":0.0029874999999999997,"children":null},"AgentSendState":{"count":1625434,"self":6.7772152,"total":26.326528999999997,"children":{"CollectObservations":{"count":494666,"self":3.9701755999999997,"total":3.9701757,"children":null},"WriteActionMask":{"count":494666,"self":0.7762241,"total":0.7762241,"children":null},"RequestDecision":{"count":494666,"self":2.240776,"total":14.802913799999999,"children":{"AgentInfo.ToProto":{"count":494666,"self":2.1487816,"total":12.5621379,"children":{"GenerateSensorData":{"count":494666,"self":10.413356,"total":10.4133563,"children":null}}}}}}},"DecideAction":{"count":1625434,"self":483.7628416,"total":483.7628638,"children":null},"AgentAct":{"count":1625434,"self":2.722504,"total":2.7225039,"children":null},"AgentInfo.ToProto":{"count":25462,"self":0.2207958,"total":1.0755854,"children":{"GenerateSensorData":{"count":25462,"self":0.85478959999999993,"total":0.85478959999999993,"children":null}}}},"gauges":{"SeekFood.CumulativeReward":{"count":25462,"max":5,"min":-1,"runningAverage":-0.8724337,"value":-1,"weightedAverage":-0.622216046}},"metadata":{"timer_format_version":"0.1.0","start_time_seconds":"1633685119","unity_version":"2020.3.11f1","command_line_arguments":"D:\\Code\\Unity\\2020.3.11f1\\Editor\\Unity.exe -projectpath D:\/Code\/Github\/Reinforcement-learning-interactive-explanation -useHub -hubIPC -cloudEnvironment production -hubSessionId 26e49ea0-2804-11ec-a2ae-4b963263e846","communication_protocol_version":"1.5.0","com.unity.ml-agents_version":"2.1.0-exp.1","scene_name":"SnakeTiles","end_time_seconds":"1633687319"}}