{
    "name": "root",
    "gauges": {
        "MoveToGoal.Policy.Entropy.mean": {
            "value": 1.4491572380065918,
            "min": 1.4362112283706665,
            "max": 1.4516674280166626,
            "count": 6
        },
        "MoveToGoal.Policy.Entropy.sum": {
            "value": 14491.572265625,
            "min": 14035.7216796875,
            "max": 15223.8388671875,
            "count": 6
        },
        "MoveToGoal.Environment.EpisodeLength.mean": {
            "value": 34.88111888111888,
            "min": 34.88111888111888,
            "max": 130.66666666666666,
            "count": 6
        },
        "MoveToGoal.Environment.EpisodeLength.sum": {
            "value": 9976.0,
            "min": 9016.0,
            "max": 10261.0,
            "count": 6
        },
        "MoveToGoal.Step.mean": {
            "value": 59988.0,
            "min": 9981.0,
            "max": 59988.0,
            "count": 6
        },
        "MoveToGoal.Step.sum": {
            "value": 59988.0,
            "min": 9981.0,
            "max": 59988.0,
            "count": 6
        },
        "MoveToGoal.Policy.ExtrinsicValueEstimate.mean": {
            "value": 0.7596330046653748,
            "min": 0.1646014153957367,
            "max": 0.8013865947723389,
            "count": 6
        },
        "MoveToGoal.Policy.ExtrinsicValueEstimate.sum": {
            "value": 256.7559509277344,
            "min": 33.08488464355469,
            "max": 256.7559509277344,
            "count": 6
        },
        "MoveToGoal.Environment.CumulativeReward.mean": {
            "value": 0.9300699300699301,
            "min": 0.18840579710144928,
            "max": 0.9545454545454546,
            "count": 6
        },
        "MoveToGoal.Environment.CumulativeReward.sum": {
            "value": 266.0,
            "min": 13.0,
            "max": 266.0,
            "count": 6
        },
        "MoveToGoal.Policy.ExtrinsicReward.mean": {
            "value": 0.9300699300699301,
            "min": 0.18840579710144928,
            "max": 0.9545454545454546,
            "count": 6
        },
        "MoveToGoal.Policy.ExtrinsicReward.sum": {
            "value": 266.0,
            "min": 13.0,
            "max": 266.0,
            "count": 6
        },
        "MoveToGoal.Losses.PolicyLoss.mean": {
            "value": 0.24506924763984964,
            "min": 0.2398618285595455,
            "max": 0.24702531256705945,
            "count": 6
        },
        "MoveToGoal.Losses.PolicyLoss.sum": {
            "value": 19.60553981118797,
            "min": 13.27125670346368,
            "max": 20.009050317931816,
            "count": 6
        },
        "MoveToGoal.Losses.ValueLoss.mean": {
            "value": 0.020735706141166942,
            "min": 0.014281838627531698,
            "max": 0.03286916370428437,
            "count": 6
        },
        "MoveToGoal.Losses.ValueLoss.sum": {
            "value": 1.6588564912933554,
            "min": 1.0997015743199408,
            "max": 2.1991604294549845,
            "count": 6
        },
        "MoveToGoal.Policy.LearningRate.mean": {
            "value": 3.313962524381049e-05,
            "min": 3.313962524381049e-05,
            "max": 0.0002721833426055555,
            "count": 6
        },
        "MoveToGoal.Policy.LearningRate.sum": {
            "value": 0.002651170019504839,
            "min": 0.002651170019504839,
            "max": 0.016861772747151615,
            "count": 6
        },
        "MoveToGoal.Policy.Epsilon.mean": {
            "value": 0.11104651209677421,
            "min": 0.11104651209677421,
            "max": 0.1907277777777778,
            "count": 6
        },
        "MoveToGoal.Policy.Epsilon.sum": {
            "value": 8.883720967741937,
            "min": 8.883720967741937,
            "max": 13.020590322580645,
            "count": 6
        },
        "MoveToGoal.Policy.Beta.mean": {
            "value": 6.412790927419354e-05,
            "min": 6.412790927419354e-05,
            "max": 0.00045456611111111114,
            "count": 6
        },
        "MoveToGoal.Policy.Beta.sum": {
            "value": 0.005130232741935484,
            "min": 0.005130232741935484,
            "max": 0.028280892580645162,
            "count": 6
        },
        "MoveToGoal.IsTraining.mean": {
            "value": 1.0,
            "min": 1.0,
            "max": 1.0,
            "count": 6
        },
        "MoveToGoal.IsTraining.sum": {
            "value": 1.0,
            "min": 1.0,
            "max": 1.0,
            "count": 6
        }
    },
    "metadata": {
        "timer_format_version": "0.1.0",
        "start_time_seconds": "1631127376",
        "python_version": "3.9.5 (tags/v3.9.5:0a7dcbd, May  3 2021, 17:27:52) [MSC v.1928 64 bit (AMD64)]",
        "command_line_arguments": "D:\\Code\\GitAndGithub\\Reinforcement-learning-interactive-explanation\\pythonvirtenvironment\\Scripts\\mlagents-learn config/62kSteps_config.yaml --run-id=62kSteps --f",
        "mlagents_version": "0.27.0",
        "mlagents_envs_version": "0.27.0",
        "communication_protocol_version": "1.5.0",
        "pytorch_version": "1.7.1+cu110",
        "numpy_version": "1.21.2",
        "end_time_seconds": "1631127467"
    },
    "total": 91.590011,
    "count": 1,
    "self": 0.0064184000000011565,
    "children": {
        "run_training.setup": {
            "total": 0.07810780000000006,
            "count": 1,
            "self": 0.07810780000000006
        },
        "TrainerController.start_learning": {
            "total": 91.5054848,
            "count": 1,
            "self": 0.0690578000000528,
            "children": {
                "TrainerController._reset_env": {
                    "total": 9.3255221,
                    "count": 1,
                    "self": 9.3255221
                },
                "TrainerController.advance": {
                    "total": 82.06471639999995,
                    "count": 4035,
                    "self": 0.06538610000019673,
                    "children": {
                        "env_step": {
                            "total": 17.17448329999985,
                            "count": 4035,
                            "self": 15.076271900000105,
                            "children": {
                                "SubprocessEnvManager._take_step": {
                                    "total": 2.0602006999998643,
                                    "count": 4035,
                                    "self": 0.16985189999994788,
                                    "children": {
                                        "TorchPolicy.evaluate": {
                                            "total": 1.8903487999999165,
                                            "count": 3123,
                                            "self": 0.35903729999990475,
                                            "children": {
                                                "TorchPolicy.sample_actions": {
                                                    "total": 1.5313115000000117,
                                                    "count": 3123,
                                                    "self": 1.5313115000000117
                                                }
                                            }
                                        }
                                    }
                                },
                                "workers": {
                                    "total": 0.03801069999988016,
                                    "count": 4035,
                                    "self": 0.0,
                                    "children": {
                                        "worker_root": {
                                            "total": 82.0536815999999,
                                            "count": 4035,
                                            "is_parallel": true,