{
    "name": "root",
    "metadata": {
        "timer_format_version": "0.1.0",
        "start_time_seconds": "1630941289",
        "python_version": "3.9.5 (tags/v3.9.5:0a7dcbd, May  3 2021, 17:27:52) [MSC v.1928 64 bit (AMD64)]",
        "command_line_arguments": "D:\\Code\\GitAndGithub\\Reinforcement-learning-interactive-explanation\\pythonvirtenvironment\\Scripts\\mlagents-learn",
        "mlagents_version": "0.27.0",
        "mlagents_envs_version": "0.27.0",
        "communication_protocol_version": "1.5.0",
        "pytorch_version": "1.7.1+cu110",
        "numpy_version": "1.21.2",
        "end_time_seconds": "1630941332"
    },
    "total": 43.4695438,
    "count": 1,
    "self": 0.016236599999999157,
    "children": {
        "run_training.setup": {
            "total": 0.2723672000000015,
            "count": 1,
            "self": 0.2723672000000015
        },
        "TrainerController.start_learning": {
            "total": 43.18094,
            "count": 1,
            "self": 0.09210859999947019,
            "children": {
                "TrainerController._reset_env": {
                    "total": 15.509526800000002,
                    "count": 1,
                    "self": 15.509526800000002
                },
                "TrainerController.advance": {
                    "total": 26.11929580000053,
                    "count": 6064,
                    "self": 0.09689820000045657,
                    "children": {
                        "env_step": {
                            "total": 25.56748830000012,
                            "count": 6064,
                            "self": 20.336645600000384,
                            "children": {
                                "SubprocessEnvManager._take_step": {
                                    "total": 5.175463400000087,
                                    "count": 6064,
                                    "self": 0.23315449999997284,
                                    "children": {
                                        "TorchPolicy.evaluate": {
                                            "total": 4.942308900000114,
                                            "count": 6064,
                                            "self": 1.2689607000000684,
                                            "children": {
                                                "TorchPolicy.sample_actions": {
                                                    "total": 3.6733482000000457,
                                                    "count": 6064,
                                                    "self": 3.6733482000000457
                                                }
                                            }
                                        }
                                    }
                                },
                                "workers": {
                                    "total": 0.0553792999996503,
                                    "count": 6063,
                                    "self": 0.0,
                                    "children": {
                                        "worker_root": {
                                            "total": 26.517729399999986,
                                            "count": 6063,
                                            "is_parallel": true,
                                            "self": 10.21595759999986,
                                            "children": {
                                                "steps_from_proto": {
                                                    "total": 0.065001800000001,
                                                    "count": 1,
                                                    "is_parallel": true,
                                                    "self": 0.0031156000000009954,
                                                    "children": {
                                                        "_process_rank_one_or_two_observation": {
                                                            "total": 0.0618862,
                                                            "count": 2,
                                                            "is_parallel": true,
                                                            "self": 0.0618862
                                                        }
                                                    }
                                                },
                                                "UnityEnvironment.step": {
                                                    "total": 16.236770000000124,
                                                    "count": 6063,
                                                    "is_parallel": true,
                                                    "self": 0.35242129999967275,
                                                    "children": {
                                                        "UnityEnvironment._generate_step_input": {
                                                            "total": 0.3062295999999698,
                                                            "count": 6063,
                                                            "is_parallel": true,
                                                            "self": 0.3062295999999698
                                                        },
                                                        "communicator.exchange": {
                                                            "total": 14.306762500000335,
                                                            "count": 6063,
                                                            "is_parallel": true,
                                                            "self": 14.306762500000335
                                                        },
                                                        "steps_from_proto": {
                                                            "total": 1.2713566000001464,
                                                            "count": 6063,
                                                            "is_parallel": true,
                                                            "self": 0.8196685000001338,
                                                            "children": {
                                                                "_process_rank_one_or_two_observation": {
                                                                    "total": 0.4516881000000126,
                                                                    "count": 12126,
                                                                    "is_parallel": true,
                                                                    "self": 0.4516881000000126
                                                                }
                                                            }
                                                        }
                                                    }
                                                }
                                            }
                                        }
                                    }
                                }
                            }
                        },
                        "trainer_advance": {
                            "total": 0.4549092999999509,
                            "count": 6063,
                            "self": 0.11380439999950553,
                            "children": {
                                "process_trajectory": {
                                    "total": 0.34110490000044535,
                                    "count": 6063,
                                    "self": 0.34110490000044535
                                }
                            }
                        }
                    }
                },