{
    "name": "root",
    "gauges": {
        "MoveToGoal.Policy.Entropy.mean": {
            "value": 1.4171234369277954,
            "min": 1.4171234369277954,
            "max": 1.4200389385223389,
            "count": 3
        },
        "MoveToGoal.Policy.Entropy.sum": {
            "value": 70884.515625,
            "min": 70616.2890625,
            "max": 71995.9765625,
            "count": 3
        },
        "MoveToGoal.Environment.EpisodeLength.mean": {
            "value": 63.9514687100894,
            "min": 63.9514687100894,
            "max": 130.9490616621984,
            "count": 3
        },
        "MoveToGoal.Environment.EpisodeLength.sum": {
            "value": 50074.0,
            "min": 48844.0,
            "max": 50074.0,
            "count": 3
        },
        "MoveToGoal.Step.mean": {
            "value": 149967.0,
            "min": 49985.0,
            "max": 149967.0,
            "count": 3
        },
        "MoveToGoal.Step.sum": {
            "value": 149967.0,
            "min": 49985.0,
            "max": 149967.0,
            "count": 3
        },
        "MoveToGoal.Policy.ExtrinsicValueEstimate.mean": {
            "value": 0.48029348254203796,
            "min": -0.08247721940279007,
            "max": 0.48029348254203796,
            "count": 3
        },
        "MoveToGoal.Policy.ExtrinsicValueEstimate.sum": {
            "value": 587.39892578125,
            "min": -86.10621643066406,
            "max": 587.39892578125,
            "count": 3
        },
        "MoveToGoal.Environment.CumulativeReward.mean": {
            "value": 0.8644501278772379,
            "min": -0.03753351206434316,
            "max": 0.8644501278772379,
            "count": 3
        },
        "MoveToGoal.Environment.CumulativeReward.sum": {
            "value": 676.0,
            "min": -14.0,
            "max": 676.0,
            "count": 3
        },
        "MoveToGoal.Policy.ExtrinsicReward.mean": {
            "value": 0.8644501278772379,
            "min": -0.03753351206434316,
            "max": 0.8644501278772379,
            "count": 3
        },
        "MoveToGoal.Policy.ExtrinsicReward.sum": {
            "value": 676.0,
            "min": -14.0,
            "max": 676.0,
            "count": 3
        },
        "MoveToGoal.Losses.PolicyLoss.mean": {
            "value": 0.025889524756930772,
            "min": 0.024646509434872618,
            "max": 0.025889524756930772,
            "count": 3
        },
        "MoveToGoal.Losses.PolicyLoss.sum": {
            "value": 0.12944762378465385,
            "min": 0.09858603773949047,
            "max": 0.12944762378465385,
            "count": 3
        },
        "MoveToGoal.Losses.ValueLoss.mean": {
            "value": 0.019964931569993495,
            "min": 0.015782054333637156,
            "max": 0.0292994446392792,
            "count": 3
        },
        "MoveToGoal.Losses.ValueLoss.sum": {
            "value": 0.09982465784996747,
            "min": 0.07891027166818579,
            "max": 0.1171977785571168,
            "count": 3
        },
        "MoveToGoal.Policy.LearningRate.mean": {
            "value": 0.00022586966471012,
            "min": 0.00022586966471012,
            "max": 0.00028454385515205003,
            "count": 3
        },
        "MoveToGoal.Policy.LearningRate.sum": {
            "value": 0.0011293483235506,
            "min": 0.0011293483235506,
            "max": 0.0012834528721824,
            "count": 3
        },
        "MoveToGoal.Policy.Epsilon.mean": {
            "value": 0.17528988000000004,
            "min": 0.17528988000000004,
            "max": 0.19484795000000002,
            "count": 3
        },
        "MoveToGoal.Policy.Epsilon.sum": {
            "value": 0.8764494000000002,
            "min": 0.7793918000000001,
            "max": 0.9278176,
            "count": 3
        },
        "MoveToGoal.Policy.Beta.mean": {
            "value": 0.003766965012000001,
            "min": 0.003766965012000001,
            "max": 0.0047429127049999995,
            "count": 3
        },
        "MoveToGoal.Policy.Beta.sum": {
            "value": 0.018834825060000004,
            "min": 0.018834825060000004,
            "max": 0.021398098239999996,
            "count": 3
        },
        "MoveToGoal.IsTraining.mean": {
            "value": 1.0,
            "min": 1.0,
            "max": 1.0,
            "count": 3
        },
        "MoveToGoal.IsTraining.sum": {
            "value": 1.0,
            "min": 1.0,
            "max": 1.0,
            "count": 3
        }
    },
    "metadata": {
        "timer_format_version": "0.1.0",
        "start_time_seconds": "1630946444",
        "python_version": "3.9.5 (tags/v3.9.5:0a7dcbd, May  3 2021, 17:27:52) [MSC v.1928 64 bit (AMD64)]",
        "command_line_arguments": "D:\\Code\\GitAndGithub\\Reinforcement-learning-interactive-explanation\\pythonvirtenvironment\\Scripts\\mlagents-learn --run-id=randomPosition --force",
        "mlagents_version": "0.27.0",
        "mlagents_envs_version": "0.27.0",
        "communication_protocol_version": "1.5.0",
        "pytorch_version": "1.7.1+cu110",
        "numpy_version": "1.21.2",
        "end_time_seconds": "1630946607"
    },
    "total": 162.7912776,
    "count": 1,
    "self": 0.0035011999999881027,
    "children": {
        "run_training.setup": {
            "total": 0.07146079999999999,
            "count": 1,
            "self": 0.07146079999999999
        },
        "TrainerController.start_learning": {
            "total": 162.7163156,
            "count": 1,
            "self": 0.20398490000036418,
            "children": {
                "TrainerController._reset_env": {
                    "total": 7.3018354,
                    "count": 1,
                    "self": 7.3018354
                },
                "TrainerController.advance": {
                    "total": 155.16353859999964,
                    "count": 11254,
                    "self": 0.18054249999971717,
                    "children": {
                        "env_step": {
                            "total": 123.73497050000024,
                            "count": 11254,
                            "self": 117.62304000000145,
                            "children": {
                                "SubprocessEnvManager._take_step": {
                                    "total": 5.996440899999312,
                                    "count": 11254,
                                    "self": 0.5076788999997959,
                                    "children": {
                                        "TorchPolicy.evaluate": {
                                            "total": 5.488761999999516,
                                            "count": 9484,
                                            "self": 1.0772074999991208,
                                            "children": {
                                                "TorchPolicy.sample_actions": {
                                                    "total": 4.4115545000003955,
                                                    "count": 9484,
                                                    "self": 4.4115545000003955
                                                }
                                            }
                                        }
                                    }
                                },
                                "workers": {
                                    "total": 0.11548959999948138,
                                    "count": 11253,
                                    "self": 0.0,
                                    "children": {
                                        "worker_root": {
                                            "total": 95.12549590000008,
                                            "count": 11253,
                                            "is_parallel": true,