{
    "name": "root",
    "gauges": {
        "SeekFood.Policy.Entropy.mean": {
            "value": 0.08826937526464462,
            "min": 0.07361988723278046,
            "max": 0.0963204950094223,
            "count": 462
        },
        "SeekFood.Policy.Entropy.sum": {
            "value": 862.6566162109375,
            "min": 735.8107299804688,
            "max": 973.8002319335938,
            "count": 462
        },
        "SeekFood.Environment.EpisodeLength.mean": {
            "value": 176.15254237288136,
            "min": 133.42105263157896,
            "max": 244.02380952380952,
            "count": 462
        },
        "SeekFood.Environment.EpisodeLength.sum": {
            "value": 10393.0,
            "min": 6771.0,
            "max": 11417.0,
            "count": 462
        },
        "SeekFood.Step.mean": {
            "value": 61059951.0,
            "min": 56449970.0,
            "max": 61059951.0,
            "count": 462
        },
        "SeekFood.Step.sum": {
            "value": 61059951.0,
            "min": 56449970.0,
            "max": 61059951.0,
            "count": 462
        },
        "SeekFood.Policy.ExtrinsicValueEstimate.mean": {
            "value": 2.182020425796509,
            "min": 1.5428407192230225,
            "max": 2.1978790760040283,
            "count": 462
        },
        "SeekFood.Policy.ExtrinsicValueEstimate.sum": {
            "value": 397.1277160644531,
            "min": 285.425537109375,
            "max": 404.9227294921875,
            "count": 462
        },
        "SeekFood.Environment.CumulativeReward.mean": {
            "value": 7.7454198689152625,
            "min": 4.283891241482802,
            "max": 10.471379859396853,
            "count": 462
        },
        "SeekFood.Environment.CumulativeReward.sum": {
            "value": 456.9797722660005,
            "min": 255.60604528151453,
            "max": 468.67674038372934,
            "count": 462
        },
        "SeekFood.Policy.ExtrinsicReward.mean": {
            "value": 7.7454198689152625,
            "min": 4.283891241482802,
            "max": 10.471379859396853,
            "count": 462
        },
        "SeekFood.Policy.ExtrinsicReward.sum": {
            "value": 456.9797722660005,
            "min": 255.60604528151453,
            "max": 468.67674038372934,
            "count": 462
        },
        "SeekFood.IsTraining.mean": {
            "value": 1.0,
            "min": 1.0,
            "max": 1.0,
            "count": 462
        },
        "SeekFood.IsTraining.sum": {
            "value": 1.0,
            "min": 1.0,
            "max": 1.0,
            "count": 462
        },
        "SeekFood.Losses.PolicyLoss.mean": {
            "value": 0.03499994797942539,
            "min": 0.025614354650800426,
            "max": 0.04661204630198578,
            "count": 449
        },
        "SeekFood.Losses.PolicyLoss.sum": {
            "value": 0.03499994797942539,
            "min": 0.025614354650800426,
            "max": 0.04661204630198578,
            "count": 449
        },
        "SeekFood.Losses.ValueLoss.mean": {
            "value": 0.3314475489159425,
            "min": 0.1737644210457802,
            "max": 0.5103064581751824,
            "count": 449
        },
        "SeekFood.Losses.ValueLoss.sum": {
            "value": 0.3314475489159425,
            "min": 0.1737644210457802,
            "max": 0.5103064581751824,
            "count": 449
        },
        "SeekFood.Policy.LearningRate.mean": {
            "value": 0.0002981683336903724,
            "min": 0.0002981683336903724,
            "max": 0.00029830642898435436,
            "count": 449
        },
        "SeekFood.Policy.LearningRate.sum": {
            "value": 0.0002981683336903724,
            "min": 0.0002981683336903724,
            "max": 0.00029830642898435436,
            "count": 449
        },
        "SeekFood.Policy.Epsilon.mean": {
            "value": 0.19938944435993897,
            "min": 0.19938944435993897,
            "max": 0.19943547613994347,
            "count": 449
        },
        "SeekFood.Policy.Epsilon.sum": {
            "value": 0.19938944435993897,
            "min": 0.19938944435993897,
            "max": 0.19943547613994347,
            "count": 449
        },
        "SeekFood.Policy.Beta.mean": {
            "value": 0.004969533273560955,
            "min": 0.004969533273560955,
            "max": 0.004971830259383184,
            "count": 449
        },
        "SeekFood.Policy.Beta.sum": {
            "value": 0.004969533273560955,
            "min": 0.004969533273560955,
            "max": 0.004971830259383184,
            "count": 449
        }
    },
    "metadata": {
        "timer_format_version": "0.1.0",
        "start_time_seconds": "1634754882",
        "python_version": "3.9.5 (tags/v3.9.5:0a7dcbd, May  3 2021, 17:27:52) [MSC v.1928 64 bit (AMD64)]",
        "command_line_arguments": "D:\\Code\\GitAndGithub\\Reinforcement-learning-interactive-explanation\\pythonvirtenvironment\\Scripts\\mlagents-learn config\\9bSteps_config.yaml --run-id=1Msnaketilebaseddynamicdiscounting --resume",
        "mlagents_version": "0.27.0",
        "mlagents_envs_version": "0.27.0",
        "communication_protocol_version": "1.5.0",
        "pytorch_version": "1.7.1+cu110",
        "numpy_version": "1.21.2",
        "end_time_seconds": "1634765434"
    },
    "total": 10552.2033978,
    "count": 1,
    "self": 0.05153510000127426,
    "children": {
        "run_training.setup": {
            "total": 0.4680624,
            "count": 1,
            "self": 0.4680624
        },
        "TrainerController.start_learning": {
            "total": 10551.6838003,
            "count": 1,
            "self": 13.854297500074608,
            "children": {
                "TrainerController._reset_env": {
                    "total": 19.057116899999997,
                    "count": 1,
                    "self": 19.057116899999997
                },
                "TrainerController.advance": {
                    "total": 10518.736222099924,
                    "count": 867587,
                    "self": 13.50054670056852,
                    "children": {
                        "env_step": {
                            "total": 9538.24845170007,
                            "count": 867587,
                            "self": 7567.976273200817,
                            "children": {
                                "SubprocessEnvManager._take_step": {
                                    "total": 1961.5301079993387,
                                    "count": 867587,
                                    "self": 39.292499299124756,
                                    "children": {
                                        "TorchPolicy.evaluate": {
                                            "total": 1922.237608700214,
                                            "count": 867518,
                                            "self": 880.0193599004133,
                                            "children": {
                                                "TorchPolicy.sample_actions": {
                                                    "total": 1042.2182487998007,
                                                    "count": 867518,
                                                    "self": 1042.2182487998007
                                                }
                                            }
                                        }
                                    }
                                },
                                "workers": {
                                    "total": 8.7420704999153,
                                    "count": 867586,
                                    "self": 0.0,
                                    "children": {
                                        "worker_root": {
                                            "total": 10524.527492299749,