{
    "name": "root",
    "metadata": {
        "timer_format_version": "0.1.0",
        "start_time_seconds": "1632313651",
        "python_version": "3.9.0 (tags/v3.9.0:9cf6752, Oct  5 2020, 15:34:40) [MSC v.1927 64 bit (AMD64)]",
        "command_line_arguments": "D:\\Code\\Github\\Reinforcement-learning-interactive-explanation\\venv\\Scripts\\mlagents-learn --run-id=snake1 --force",
        "mlagents_version": "0.27.0",
        "mlagents_envs_version": "0.27.0",
        "communication_protocol_version": "1.5.0",
        "pytorch_version": "1.7.1+cpu",
        "numpy_version": "1.21.2",
        "end_time_seconds": "1632313686"
    },
    "total": 34.8980597,
    "count": 1,
    "self": 0.005084999999994011,
    "children": {
        "run_training.setup": {
            "total": 0.03520539999999994,
            "count": 1,
            "self": 0.03520539999999994
        },
        "TrainerController.start_learning": {
            "total": 34.8577693,
            "count": 1,
            "self": 0.00034239999999385873,
            "children": {
                "TrainerController._reset_env": {
                    "total": 5.2978041000000005,
                    "count": 1,
                    "self": 5.2978041000000005
                },
                "TrainerController.advance": {
                    "total": 29.4649389,
                    "count": 1,
                    "self": 1.4999999997655777e-05,
                    "children": {
                        "env_step": {
                            "total": 29.464923900000002,
                            "count": 1,
                            "self": 29.464918700000002,
                            "children": {
                                "SubprocessEnvManager._take_step": {
                                    "total": 5.200000000371574e-06,
                                    "count": 1,
                                    "self": 5.200000000371574e-06
                                }
                            }
                        }
                    }
                },
                "trainer_threads": {
                    "total": 1.00000000458067e-06,
                    "count": 1,
                    "self": 1.00000000458067e-06
                },
                "TrainerController._save_models": {
                    "total": 0.09468290000000223,
                    "count": 1,
                    "self": 0.0011632000000076914,
                    "children": {
                        "RLTrainer._checkpoint": {
                            "total": 0.09351969999999454,
                            "count": 1,
                            "self": 0.09351969999999454
                        }
                    }
                }
            }
        }
    }
}