{
    "name": "root",
    "gauges": {
        "MoveToGoal.Policy.Entropy.mean": {
            "value": 1.4208948612213135,
            "min": 1.4208948612213135,
            "max": 1.4208948612213135,
            "count": 1
        },
        "MoveToGoal.Policy.Entropy.sum": {
            "value": 14890.978515625,
            "min": 14890.978515625,
            "max": 14890.978515625,
            "count": 1
        },
        "MoveToGoal.Environment.EpisodeLength.mean": {
            "value": 112.01204819277109,
            "min": 112.01204819277109,
            "max": 112.01204819277109,
            "count": 1
        },
        "MoveToGoal.Environment.EpisodeLength.sum": {
            "value": 9297.0,
            "min": 9297.0,
            "max": 9297.0,
            "count": 1
        },
        "MoveToGoal.Step.mean": {
            "value": 9956.0,
            "min": 9956.0,
            "max": 9956.0,
            "count": 1
        },
        "MoveToGoal.Step.sum": {
            "value": 9956.0,
            "min": 9956.0,
            "max": 9956.0,
            "count": 1
        },
        "MoveToGoal.Policy.ExtrinsicValueEstimate.mean": {
            "value": 0.12641337513923645,
            "min": 0.12641337513923645,
            "max": 0.12641337513923645,
            "count": 1
        },
        "MoveToGoal.Policy.ExtrinsicValueEstimate.sum": {
            "value": 26.546810150146484,
            "min": 26.546810150146484,
            "max": 26.546810150146484,
            "count": 1
        },
        "MoveToGoal.Environment.CumulativeReward.mean": {
            "value": 0.43373493975903615,
            "min": 0.43373493975903615,
            "max": 0.43373493975903615,
            "count": 1
        },
        "MoveToGoal.Environment.CumulativeReward.sum": {
            "value": 36.0,
            "min": 36.0,
            "max": 36.0,
            "count": 1
        },
        "MoveToGoal.Policy.ExtrinsicReward.mean": {
            "value": 0.43373493975903615,
            "min": 0.43373493975903615,
            "max": 0.43373493975903615,
            "count": 1
        },
        "MoveToGoal.Policy.ExtrinsicReward.sum": {
            "value": 36.0,
            "min": 36.0,
            "max": 36.0,
            "count": 1
        },
        "MoveToGoal.Losses.PolicyLoss.mean": {
            "value": 0.23839929218795156,
            "min": 0.23839929218795156,
            "max": 0.23839929218795156,
            "count": 1
        },
        "MoveToGoal.Losses.PolicyLoss.sum": {
            "value": 14.542356823465045,
            "min": 14.542356823465045,
            "max": 14.542356823465045,
            "count": 1
        },
        "MoveToGoal.Losses.ValueLoss.mean": {
            "value": 0.029568019267501067,
            "min": 0.029568019267501067,
            "max": 0.029568019267501067,
            "count": 1
        },
        "MoveToGoal.Losses.ValueLoss.sum": {
            "value": 1.8036491753175652,
            "min": 1.8036491753175652,
            "max": 1.8036491753175652,
            "count": 1
        },
        "MoveToGoal.Policy.LearningRate.mean": {
            "value": 0.00018926134838830603,
            "min": 0.00018926134838830603,
            "max": 0.00018926134838830603,
            "count": 1
        },
        "MoveToGoal.Policy.LearningRate.sum": {
            "value": 0.011544942251686667,
            "min": 0.011544942251686667,
            "max": 0.011544942251686667,
            "count": 1
        },
        "MoveToGoal.Policy.Epsilon.mean": {
            "value": 0.16308710382513664,
            "min": 0.16308710382513664,
            "max": 0.16308710382513664,
            "count": 1
        },
        "MoveToGoal.Policy.Epsilon.sum": {
            "value": 9.948313333333335,
            "min": 9.948313333333335,
            "max": 9.948313333333335,
            "count": 1
        },
        "MoveToGoal.Policy.Beta.mean": {
            "value": 0.0003191268087431694,
            "min": 0.0003191268087431694,
            "max": 0.0003191268087431694,
            "count": 1
        },
        "MoveToGoal.Policy.Beta.sum": {
            "value": 0.019466735333333336,
            "min": 0.019466735333333336,
            "max": 0.019466735333333336,
            "count": 1
        },
        "MoveToGoal.IsTraining.mean": {
            "value": 1.0,
            "min": 1.0,
            "max": 1.0,
            "count": 1
        },
        "MoveToGoal.IsTraining.sum": {
            "value": 1.0,
            "min": 1.0,
            "max": 1.0,
            "count": 1
        }
    },
    "metadata": {
        "timer_format_version": "0.1.0",
        "start_time_seconds": "1631127249",
        "python_version": "3.9.5 (tags/v3.9.5:0a7dcbd, May  3 2021, 17:27:52) [MSC v.1928 64 bit (AMD64)]",
        "command_line_arguments": "D:\\Code\\GitAndGithub\\Reinforcement-learning-interactive-explanation\\pythonvirtenvironment\\Scripts\\mlagents-learn config/15kSteps_config.yaml --run-id=15kSteps --f",
        "mlagents_version": "0.27.0",
        "mlagents_envs_version": "0.27.0",
        "communication_protocol_version": "1.5.0",
        "pytorch_version": "1.7.1+cu110",
        "numpy_version": "1.21.2",
        "end_time_seconds": "1631127274"
    },
    "total": 25.4192825,
    "count": 1,
    "self": 0.005832600000005073,
    "children": {
        "run_training.setup": {
            "total": 0.07580529999999996,
            "count": 1,
            "self": 0.07580529999999996
        },
        "TrainerController.start_learning": {
            "total": 25.337644599999997,
            "count": 1,
            "self": 0.014946499999986429,
            "children": {
                "TrainerController._reset_env": {
                    "total": 6.389652399999999,
                    "count": 1,
                    "self": 6.389652399999999
                },
                "TrainerController.advance": {
                    "total": 18.88217660000001,
                    "count": 878,
                    "self": 0.013751299999956501,
                    "children": {
                        "env_step": {
                            "total": 4.417085500000007,
                            "count": 878,
                            "self": 3.904473299999948,
                            "children": {
                                "SubprocessEnvManager._take_step": {
                                    "total": 0.5040030999999852,
                                    "count": 878,
                                    "self": 0.044420300000038715,
                                    "children": {
                                        "TorchPolicy.evaluate": {
                                            "total": 0.45958279999994645,
                                            "count": 776,
                                            "self": 0.08938999999990482,
                                            "children": {
                                                "TorchPolicy.sample_actions": {
                                                    "total": 0.3701928000000416,
                                                    "count": 776,
                                                    "self": 0.3701928000000416
                                                }
                                            }
                                        }
                                    }
                                },
                                "workers": {
                                    "total": 0.008609100000073866,
                                    "count": 878,
                                    "self": 0.0,
                                    "children": {
                                        "worker_root": {
                                            "total": 18.8836107,
                                            "count": 878,
                                            "is_parallel": true,