{
    "name": "root",
    "metadata": {
        "timer_format_version": "0.1.0",
        "start_time_seconds": "1630942411",
        "python_version": "3.9.5 (tags/v3.9.5:0a7dcbd, May  3 2021, 17:27:52) [MSC v.1928 64 bit (AMD64)]",
        "command_line_arguments": "D:\\Code\\GitAndGithub\\Reinforcement-learning-interactive-explanation\\pythonvirtenvironment\\Scripts\\mlagents-learn --run-id=test1",
        "mlagents_version": "0.27.0",
        "mlagents_envs_version": "0.27.0",
        "communication_protocol_version": "1.5.0",
        "pytorch_version": "1.7.1+cu110",
        "numpy_version": "1.21.2",
        "end_time_seconds": "1630942451"
    },
    "total": 40.4669779,
    "count": 1,
    "self": 0.0038120000000034793,
    "children": {
        "run_training.setup": {
            "total": 0.07408440000000005,
            "count": 1,
            "self": 0.07408440000000005
        },
        "TrainerController.start_learning": {
            "total": 40.3890815,
            "count": 1,
            "self": 0.14733239999989678,
            "children": {
                "TrainerController._reset_env": {
                    "total": 8.4848317,
                    "count": 1,
                    "self": 8.4848317
                },
                "TrainerController.advance": {
                    "total": 31.43302620000011,
                    "count": 9448,
                    "self": 0.1453684000000841,
                    "children": {
                        "env_step": {
                            "total": 30.578001400000208,
                            "count": 9448,
                            "self": 24.396600299999562,
                            "children": {
                                "SubprocessEnvManager._take_step": {
                                    "total": 6.094007500000316,
                                    "count": 9448,
                                    "self": 0.4470857000004873,
                                    "children": {
                                        "TorchPolicy.evaluate": {
                                            "total": 5.646921799999829,
                                            "count": 9421,
                                            "self": 1.159020299999689,
                                            "children": {
                                                "TorchPolicy.sample_actions": {
                                                    "total": 4.48790150000014,
                                                    "count": 9421,
                                                    "self": 4.48790150000014
                                                }
                                            }
                                        }
                                    }
                                },
                                "workers": {
                                    "total": 0.08739360000032903,
                                    "count": 9447,
                                    "self": 0.0,
                                    "children": {
                                        "worker_root": {
                                            "total": 31.366888500000034,
                                            "count": 9447,
                                            "is_parallel": true,
                                            "self": 13.525581700000213,
                                            "children": {
                                                "steps_from_proto": {
                                                    "total": 0.0002049999999993446,
                                                    "count": 1,
                                                    "is_parallel": true,
                                                    "self": 9.640000000210591e-05,
                                                    "children": {
                                                        "_process_rank_one_or_two_observation": {
                                                            "total": 0.00010859999999723868,
                                                            "count": 2,
                                                            "is_parallel": true,
                                                            "self": 0.00010859999999723868
                                                        }
                                                    }
                                                },
                                                "UnityEnvironment.step": {
                                                    "total": 17.84110179999982,
                                                    "count": 9447,
                                                    "is_parallel": true,
                                                    "self": 0.5488787999999332,
                                                    "children": {
                                                        "UnityEnvironment._generate_step_input": {
                                                            "total": 0.5003470999999742,
                                                            "count": 9447,
                                                            "is_parallel": true,
                                                            "self": 0.5003470999999742
                                                        },
                                                        "communicator.exchange": {
                                                            "total": 15.308304599999856,
                                                            "count": 9447,
                                                            "is_parallel": true,
                                                            "self": 15.308304599999856
                                                        },
                                                        "steps_from_proto": {
                                                            "total": 1.4835713000000563,
                                                            "count": 9447,
                                                            "is_parallel": true,
                                                            "self": 0.7646824999998518,
                                                            "children": {
                                                                "_process_rank_one_or_two_observation": {
                                                                    "total": 0.7188888000002045,
                                                                    "count": 18894,
                                                                    "is_parallel": true,
                                                                    "self": 0.7188888000002045
                                                                }
                                                            }
                                                        }
                                                    }
                                                }
                                            }
                                        }
                                    }
                                }
                            }
                        },
                        "trainer_advance": {
                            "total": 0.7096563999998189,
                            "count": 9447,
                            "self": 0.18547199999991548,
                            "children": {
                                "process_trajectory": {
                                    "total": 0.5241843999999034,
                                    "count": 9447,
                                    "self": 0.5241843999999034
                                }
                            }
                        }
                    }
                },