{
    "name": "root",
    "gauges": {
        "MoveToGoal.Policy.Entropy.mean": {
            "value": 1.3598207235336304,
            "min": 1.3517873287200928,
            "max": 1.4178483486175537,
            "count": 12
        },
        "MoveToGoal.Policy.Entropy.sum": {
            "value": 13679.7958984375,
            "min": 13170.310546875,
            "max": 14972.478515625,
            "count": 12
        },
        "MoveToGoal.Environment.EpisodeLength.mean": {
            "value": 30.031948881789138,
            "min": 27.958217270194986,
            "max": 152.42424242424244,
            "count": 12
        },
        "MoveToGoal.Environment.EpisodeLength.sum": {
            "value": 9400.0,
            "min": 8735.0,
            "max": 10408.0,
            "count": 12
        },
        "MoveToGoal.Step.mean": {
            "value": 119971.0,
            "min": 9953.0,
            "max": 119971.0,
            "count": 12
        },
        "MoveToGoal.Step.sum": {
            "value": 119971.0,
            "min": 9953.0,
            "max": 119971.0,
            "count": 12
        },
        "MoveToGoal.Policy.ExtrinsicValueEstimate.mean": {
            "value": 0.691612720489502,
            "min": -0.012308360077440739,
            "max": 0.7631016969680786,
            "count": 12
        },
        "MoveToGoal.Policy.ExtrinsicValueEstimate.sum": {
            "value": 260.04638671875,
            "min": -2.5232138633728027,
            "max": 294.70806884765625,
            "count": 12
        },
        "MoveToGoal.Environment.CumulativeReward.mean": {
            "value": 0.9198717948717948,
            "min": 0.12121212121212122,
            "max": 0.9290780141843972,
            "count": 12
        },
        "MoveToGoal.Environment.CumulativeReward.sum": {
            "value": 287.0,
            "min": 8.0,
            "max": 320.0,
            "count": 12
        },
        "MoveToGoal.Policy.ExtrinsicReward.mean": {
            "value": 0.9198717948717948,
            "min": 0.12121212121212122,
            "max": 0.9290780141843972,
            "count": 12
        },
        "MoveToGoal.Policy.ExtrinsicReward.sum": {
            "value": 287.0,
            "min": 8.0,
            "max": 320.0,
            "count": 12
        },
        "MoveToGoal.Losses.PolicyLoss.mean": {
            "value": 0.24221327442973423,
            "min": 0.23944795468023578,
            "max": 0.24957472196331443,
            "count": 12
        },
        "MoveToGoal.Losses.PolicyLoss.sum": {
            "value": 19.861488503238206,
            "min": 11.168754935261072,
            "max": 20.450227505605977,
            "count": 12
        },
        "MoveToGoal.Losses.ValueLoss.mean": {
            "value": 0.031998014160541904,
            "min": 0.012439502807189362,
            "max": 0.05179532394142853,
            "count": 12
        },
        "MoveToGoal.Losses.ValueLoss.sum": {
            "value": 2.623837161164436,
            "min": 0.8334466880816872,
            "max": 4.299011887138568,
            "count": 12
        },
        "MoveToGoal.Policy.LearningRate.mean": {
            "value": 2.383393595782439e-05,
            "min": 2.383393595782439e-05,
            "max": 0.00028655376448207995,
            "count": 12
        },
        "MoveToGoal.Policy.LearningRate.sum": {
            "value": 0.0019543827485416,
            "min": 0.0019543827485416,
            "max": 0.018225762324746396,
            "count": 12
        },
        "MoveToGoal.Policy.Epsilon.mean": {
            "value": 0.10794461463414634,
            "min": 0.10794461463414634,
            "max": 0.19551791999999998,
            "count": 12
        },
        "MoveToGoal.Policy.Epsilon.sum": {
            "value": 8.8514584,
            "min": 8.7983064,
            "max": 13.675253600000001,
            "count": 12
        },
        "MoveToGoal.Policy.Beta.mean": {
            "value": 4.892861170731709e-05,
            "min": 4.892861170731709e-05,
            "max": 0.000478037808,
            "count": 12
        },
        "MoveToGoal.Policy.Beta.sum": {
            "value": 0.004012146160000001,
            "min": 0.004012146160000001,
            "max": 0.030528742640000002,
            "count": 12
        },
        "MoveToGoal.IsTraining.mean": {
            "value": 1.0,
            "min": 1.0,
            "max": 1.0,
            "count": 12
        },
        "MoveToGoal.IsTraining.sum": {
            "value": 1.0,
            "min": 1.0,
            "max": 1.0,
            "count": 12
        }
    },
    "metadata": {
        "timer_format_version": "0.1.0",
        "start_time_seconds": "1631127569",
        "python_version": "3.9.5 (tags/v3.9.5:0a7dcbd, May  3 2021, 17:27:52) [MSC v.1928 64 bit (AMD64)]",
        "command_line_arguments": "D:\\Code\\GitAndGithub\\Reinforcement-learning-interactive-explanation\\pythonvirtenvironment\\Scripts\\mlagents-learn config/125kSteps_config.yaml --run-id=125kSteps --f",
        "mlagents_version": "0.27.0",
        "mlagents_envs_version": "0.27.0",
        "communication_protocol_version": "1.5.0",
        "pytorch_version": "1.7.1+cu110",
        "numpy_version": "1.21.2",
        "end_time_seconds": "1631127746"
    },
    "total": 176.39562170000002,
    "count": 1,
    "self": 0.005022300000035784,
    "children": {
        "run_training.setup": {
            "total": 0.0779495,
            "count": 1,
            "self": 0.0779495
        },
        "TrainerController.start_learning": {
            "total": 176.3126499,
            "count": 1,
            "self": 0.147927200000197,
            "children": {
                "TrainerController._reset_env": {
                    "total": 8.6912837,
                    "count": 1,
                    "self": 8.6912837
                },
                "TrainerController.advance": {
                    "total": 167.4242131999998,
                    "count": 8382,
                    "self": 0.13519899999920426,
                    "children": {
                        "env_step": {
                            "total": 35.316392099999625,
                            "count": 8382,
                            "self": 31.08066900000188,
                            "children": {
                                "SubprocessEnvManager._take_step": {
                                    "total": 4.158004499999041,
                                    "count": 8382,
                                    "self": 0.34714179999926387,
                                    "children": {
                                        "TorchPolicy.evaluate": {
                                            "total": 3.8108626999997774,
                                            "count": 6269,
                                            "self": 0.7184127999996655,
                                            "children": {
                                                "TorchPolicy.sample_actions": {
                                                    "total": 3.092449900000112,
                                                    "count": 6269,
                                                    "self": 3.092449900000112
                                                }
                                            }
                                        }
                                    }
                                },
                                "workers": {
                                    "total": 0.07771859999870401,
                                    "count": 8382,
                                    "self": 0.0,
                                    "children": {
                                        "worker_root": {
                                            "total": 167.39518999999973,
                                            "count": 8382,
                                            "is_parallel": true,