{
    "name": "root",
    "metadata": {
        "timer_format_version": "0.1.0",
        "start_time_seconds": "1632391414",
        "python_version": "3.9.0 (tags/v3.9.0:9cf6752, Oct  5 2020, 15:34:40) [MSC v.1927 64 bit (AMD64)]",
        "command_line_arguments": "D:\\Code\\Github\\Reinforcement-learning-interactive-explanation\\venv\\Scripts\\mlagents-learn --run-id=snaketest1 --force",
        "mlagents_version": "0.27.0",
        "mlagents_envs_version": "0.27.0",
        "communication_protocol_version": "1.5.0",
        "pytorch_version": "1.7.1+cpu",
        "numpy_version": "1.21.2",
        "end_time_seconds": "1632391473"
    },
    "total": 59.7778668,
    "count": 1,
    "self": 0.005921800000002975,
    "children": {
        "run_training.setup": {
            "total": 0.034893300000000016,
            "count": 1,
            "self": 0.034893300000000016
        },
        "TrainerController.start_learning": {
            "total": 59.737051699999995,
            "count": 1,
            "self": 0.16708139999996519,
            "children": {
                "TrainerController._reset_env": {
                    "total": 4.142984,
                    "count": 1,
                    "self": 4.142984
                },
                "TrainerController.advance": {
                    "total": 55.33692670000003,
                    "count": 7637,
                    "self": 0.16171579999973318,
                    "children": {
                        "env_step": {
                            "total": 54.293397700000284,
                            "count": 7637,
                            "self": 47.84426819999999,
                            "children": {
                                "SubprocessEnvManager._take_step": {
                                    "total": 6.3478377000000625,
                                    "count": 7637,
                                    "self": 0.43663559999998114,
                                    "children": {
                                        "TorchPolicy.evaluate": {
                                            "total": 5.911202100000081,
                                            "count": 7581,
                                            "self": 1.1700561999998396,
                                            "children": {
                                                "TorchPolicy.sample_actions": {
                                                    "total": 4.741145900000242,
                                                    "count": 7581,
                                                    "self": 4.741145900000242
                                                }
                                            }
                                        }
                                    }
                                },
                                "workers": {
                                    "total": 0.10129180000023297,
                                    "count": 7636,
                                    "self": 0.0,
                                    "children": {
                                        "worker_root": {
                                            "total": 55.308360199999896,
                                            "count": 7636,
                                            "is_parallel": true,
                                            "self": 14.76279950000012,
                                            "children": {
                                                "steps_from_proto": {
                                                    "total": 0.0002573000000003489,
                                                    "count": 1,
                                                    "is_parallel": true,
                                                    "self": 0.0001049000000001854,
                                                    "children": {
                                                        "_process_rank_one_or_two_observation": {
                                                            "total": 0.00015240000000016352,
                                                            "count": 2,
                                                            "is_parallel": true,
                                                            "self": 0.00015240000000016352
                                                        }
                                                    }
                                                },
                                                "UnityEnvironment.step": {
                                                    "total": 40.545303399999774,
                                                    "count": 7636,
                                                    "is_parallel": true,
                                                    "self": 0.5637958000002996,
                                                    "children": {
                                                        "UnityEnvironment._generate_step_input": {
                                                            "total": 0.43568809999996283,
                                                            "count": 7636,
                                                            "is_parallel": true,
                                                            "self": 0.43568809999996283
                                                        },
                                                        "communicator.exchange": {
                                                            "total": 37.987770599999855,
                                                            "count": 7636,
                                                            "is_parallel": true,
                                                            "self": 37.987770599999855
                                                        },
                                                        "steps_from_proto": {
                                                            "total": 1.5580488999996556,
                                                            "count": 7636,
                                                            "is_parallel": true,
                                                            "self": 0.8500306999995475,
                                                            "children": {
                                                                "_process_rank_one_or_two_observation": {
                                                                    "total": 0.7080182000001081,
                                                                    "count": 15272,
                                                                    "is_parallel": true,
                                                                    "self": 0.7080182000001081
                                                                }
                                                            }
                                                        }
                                                    }
                                                }
                                            }
                                        }
                                    }
                                }
                            }
                        },
                        "trainer_advance": {
                            "total": 0.8818132000000114,
                            "count": 7636,
                            "self": 0.18265810000017346,
                            "children": {
                                "process_trajectory": {
                                    "total": 0.6991550999998379,
                                    "count": 7636,